{"cameraMode":{"drawMode":0,"name":"Shaded","section":"Shading Mode"},"sceneLighting":false,"audioPlay":false,"sceneViewState":{"showFog":false,"showMaterialUpdate":false,"showSkybox":false,"showFlares":false,"showImageEffects":false,"showParticleSystems":false},"in2DMode":false,"pivot":{"x":8.672277450561524,"y":-0.4592859745025635,"z":2.908998489379883},"rotation":{"x":-0.1166340634226799,"y":0.17688338458538056,"z":-0.0211148913949728,"w":-0.9770622849464417},"size":16.256601333618165,"orthographic":false}