{"cameraMode":{"drawMode":0,"name":"Shaded","section":"Shading Mode"},"sceneLighting":false,"audioPlay":false,"sceneViewState":{"showFog":false,"showMaterialUpdate":false,"showSkybox":false,"showFlares":false,"showImageEffects":false,"showParticleSystems":false},"in2DMode":false,"pivot":{"x":1.8670921325683594,"y":0.3095688819885254,"z":-3.713054656982422},"rotation":{"x":-0.1166340634226799,"y":0.17688338458538056,"z":-0.0211148913949728,"w":-0.9770622849464417},"size":6.474205493927002,"orthographic":false}