{"cameraMode":{"drawMode":0,"name":"Shaded","section":"Shading Mode"},"sceneLighting":true,"audioPlay":false,"sceneViewState":{"showFog":false,"showMaterialUpdate":false,"showSkybox":false,"showFlares":false,"showImageEffects":false,"showParticleSystems":false},"in2DMode":false,"pivot":{"x":4.6030964851379398,"y":-0.5571656227111816,"z":-0.3115425109863281},"rotation":{"x":-0.16231684386730195,"y":0.09515409916639328,"z":-0.01572800986468792,"w":-0.9820050597190857},"size":12.39184284210205,"orthographic":false}