{"cameraMode":{"drawMode":0,"name":"Shaded","section":"Shading Mode"},"sceneLighting":false,"audioPlay":false,"sceneViewState":{"showFog":false,"showMaterialUpdate":false,"showSkybox":false,"showFlares":false,"showImageEffects":false,"showParticleSystems":false},"in2DMode":false,"pivot":{"x":-0.20505714416503907,"y":-0.5140471458435059,"z":-0.2735767364501953},"rotation":{"x":-0.1423902064561844,"y":0.24001972377300263,"z":-0.035615015774965289,"w":-0.9595998525619507},"size":17.828401565551759,"orthographic":false}