{"cameraMode":{"drawMode":0,"name":"Shaded","section":"Shading Mode"},"sceneLighting":true,"audioPlay":false,"sceneViewState":{"showFog":false,"showMaterialUpdate":false,"showSkybox":false,"showFlares":false,"showImageEffects":false,"showParticleSystems":false},"in2DMode":false,"pivot":{"x":2.897777557373047,"y":2.1898984909057619,"z":-5.162121295928955},"rotation":{"x":-0.1615842878818512,"y":0.012430153787136078,"z":-0.002035357290878892,"w":-0.9867691397666931},"size":6.30050802230835,"orthographic":false}