{"cameraMode":{"drawMode":0,"name":"Shaded","section":"Shading Mode"},"sceneLighting":false,"audioPlay":false,"sceneViewState":{"showFog":false,"showMaterialUpdate":false,"showSkybox":false,"showFlares":false,"showImageEffects":false,"showParticleSystems":false},"in2DMode":false,"pivot":{"x":9.259805679321289,"y":-1.5394859313964844,"z":2.798074722290039},"rotation":{"x":-0.15069499611854554,"y":0.15998098254203797,"z":-0.02472054585814476,"w":-0.9752296209335327},"size":16.256601333618165,"orthographic":false}