{"cameraMode":{"drawMode":0,"name":"Shaded","section":"Shading Mode"},"sceneLighting":false,"audioPlay":false,"sceneViewState":{"showFog":false,"showMaterialUpdate":false,"showSkybox":false,"showFlares":false,"showImageEffects":false,"showParticleSystems":false},"in2DMode":false,"pivot":{"x":0.5671463012695313,"y":-0.722161054611206,"z":3.1927337646484377},"rotation":{"x":-0.13348256051540376,"y":-0.24782395362854005,"z":0.034495674073696139,"w":-0.9589301943778992},"size":11.623785972595215,"orthographic":false}