{"cameraMode":{"drawMode":0,"name":"Shaded","section":"Shading Mode"},"sceneLighting":true,"audioPlay":false,"sceneViewState":{"showFog":false,"showMaterialUpdate":false,"showSkybox":false,"showFlares":false,"showImageEffects":false,"showParticleSystems":false},"in2DMode":false,"pivot":{"x":0.9032559394836426,"y":4.115416049957275,"z":-2.089466094970703},"rotation":{"x":0.11419443041086197,"y":-0.1336934119462967,"z":0.015510233119130135,"w":0.9842954277992249},"size":23.66319465637207,"orthographic":false}