{"cameraMode":{"drawMode":0,"name":"Shaded","section":"Shading Mode"},"sceneLighting":false,"audioPlay":false,"sceneViewState":{"showFog":false,"showMaterialUpdate":false,"showSkybox":false,"showFlares":false,"showImageEffects":false,"showParticleSystems":false},"in2DMode":false,"pivot":{"x":13.846952438354493,"y":-0.5546321868896484,"z":-10.996744155883789},"rotation":{"x":-0.1293410211801529,"y":-0.4325787127017975,"z":0.06286152452230454,"w":-0.8900356292724609},"size":48.13364028930664,"orthographic":false}